상장코드,기업이름
A005930,삼성전자
A000660,SK하이닉스
A207940,삼성바이오로직스
A035420,NAVER
A005380,현대차
A051910,LG화학
A068270,셀트리온
A012330,현대모비스
A028260,삼성물산
A006400,삼성SDI
A051900,LG생활건강
A005490,POSCO
A055550,신한지주
A105560,KB금융
A017670,SK텔레콤
A034730,SK
A000270,기아차
A015760,한국전력
A018260,삼성에스디에스
A036570,엔씨소프트
A035720,카카오
A032830,삼성생명
A003550,LG
A033780,KT&G
A096770,SK이노베이션
A066570,LG전자
A090430,아모레퍼시픽
A086790,하나금융지주
A009150,삼성전기
A000810,삼성화재
A091990,셀트리온헬스케어
A010950,S-Oil
A009540,한국조선해양
A251270,넷마블
A010130,고려아연
A316140,우리금융지주
A011170,롯데케미칼
A030200,KT
A021240,웅진코웨이
A024110,기업은행
A034220,LG디스플레이
A035250,강원랜드
A032640,LG유플러스
A018880,한온시스템
A002790,아모레G
A086280,현대글로비스
A267250,현대중공업지주
A006800,미래에셋대우
A000720,현대건설
A028300,에이치엘비
A029780,삼성카드
A078930,GS
A271560,오리온
A010140,삼성중공업
A004020,현대제철
A071050,한국금융지주
A008770,호텔신라
A097950,CJ제일제당
A011070,LG이노텍
A003670,포스코케미칼
A004990,롯데지주
A161390,한국타이어앤테크놀로지
A128940,한미약품
A012750,에스원
A028050,삼성엔지니어링
A000120,CJ대한통운
A023530,롯데쇼핑
A016360,삼성증권
A005940,NH투자증권
A005830,DB손해보험
A035760,CJ ENM
A139480,이마트
A036460,한국가스공사
A007070,GS리테일
A241560,두산밥캣
A047810,한국항공우주
A009830,한화솔루션
A000100,유한양행
A000210,대림산업
A282330,BGF리테일
A004170,신세계
A042660,대우조선해양
A081660,휠라홀딩스
A012510,더존비즈온
A003490,대한항공
A003410,쌍용양회
A001040,CJ
A030000,제일기획
A180640,한진칼
A263750,펄어비스
A006360,GS건설
A008560,메리츠종금증권
A020150,일진머티리얼즈
A253450,스튜디오드래곤
A138930,BNK금융지주
A079440,오렌지라이프
A008930,한미사이언스
A028670,팬오션
A011780,금호석유
A011790,SKC
A032500,케이엠더블유
A001450,현대해상
A047050,포스코인터내셔널
A000080,하이트진로
A086900,메디톡스
A047040,대우건설
A007310,오뚜기
A069960,현대백화점
A145020,휴젤
A002380,KCC
A088350,한화생명
A009240,한샘
A036490,SK머티리얼즈
A000060,메리츠화재
A240810,원익IPS
A012450,한화에어로스페이스
A084990,헬릭스미스
A010620,현대미포조선
A000880,한화
A036830,솔브레인
A039490,키움증권
A017800,현대엘리베이
A051600,한전KPS
A204320,만도
A034230,파라다이스
A026960,동서
A007700,F&F
A004800,효성
A068760,셀트리온제약
A013890,지누스
A056190,에스에프에이
A181710,NHN
A010120,LS산전
A140410,메지온
A031430,신세계인터내셔날
A214320,이노션
A084850,아이티엠반도체
A006280,녹십자
A247540,에코프로비엠
A004370,농심
A138040,메리츠금융지주
A009420,한올바이오파마
A294870,HDC현대산업개발
A010060,OCI
A069620,대웅제약
A111770,영원무역
A078340,컴투스
A006260,LS
A082270,젬백스
A039030,이오테크닉스
A098460,고영
A095700,제넥신
A064350,현대로템
A000990,DB하이텍
A014680,한솔케미칼
A001740,SK네트웍스
A058470,리노공업
A000240,한국테크놀로지그룹
A011210,현대위아
A067630,에이치엘비생명과학
A114090,GKL
A120110,코오롱인더
A000670,영풍
A196170,알테오젠
A178920,SKC코오롱PI
A034020,두산중공업
A139130,DGB금융지주
A011200,현대상선
A073240,금호타이어
A003520,영진약품
A020560,아시아나항공
A030190,NICE평가정보
A009410,태영건설
A000150,두산
A042670,두산인프라코어
A161890,한국콜마
A003690,코리안리
A272210,한화시스템
A185750,종근당
A003240,태광산업
A001800,오리온홀딩스
A004000,롯데정밀화학
A175330,JB금융지주
A005300,롯데칠성
A005440,현대그린푸드
A241590,화승엔터프라이즈
A003000,부광약품
A307950,현대오토에버
A005250,녹십자홀딩스
A032350,롯데관광개발
A214150,클래시스
A005290,동진쎄미켐
A057050,현대홈쇼핑
A010780,아이에스동서
A035900,JYP Ent.
A280360,롯데제과
A215600,신라젠
A192080,더블유게임즈
A046890,서울반도체
A041960,코미팜
A298380,에이비엘바이오
A036540,SFA반도체
A028150,GS홈쇼핑
A049770,동원F&B
A284740,쿠쿠홈시스
A023590,다우기술
A336370,두산솔루스
A096530,씨젠
A005850,에스엘
A034310,NICE
A093370,후성
A200130,콜마비앤에이치
A214370,케어젠
A285130,SK케미칼
A170900,동아에스티
A018250,애경산업
A041510,에스엠
A025980,아난티
A069260,휴켐스
A086450,동국제약
A022100,포스코 ICT
A278280,천보
A002350,넥센타이어
A064760,티씨케이
A298020,효성티앤씨
A003230,삼양식품
A052690,한전기술
A000250,삼천당제약
A003380,하림지주
A006040,동원산업
A085660,차바이오텍
A192400,쿠쿠홀딩스
A115390,락앤락
A001680,대상
A218410,RFHIC
A016380,동부제철
A192820,코스맥스
A085620,미래에셋생명
A115450,지트리비앤티
A008060,대덕전자
A018670,SK가스
A090460,비에이치
A033660,아주캐피탈
A053800,안랩
A213420,덕산네오룩스
A267980,매일유업
A078130,국일제지
A003090,대웅
A067160,아프리카TV
A112610,씨에스윈드
A020000,한섬
A014820,동원시스템즈
A006650,대한유화
A005610,SPC삼립
A079550,LIG넥스원
A103140,풍산
A006060,화승인더
A097520,엠씨넥스
A071840,롯데하이마트
A001820,삼화콘덴서
A012630,HDC
A003850,보령제약
A108320,실리콘웍스
A066970,엘앤에프
A079160,CJ CGV
A286940,롯데정보통신
A089590,제주항공
A064960,S&T모티브
A122870,와이지엔터테인먼트
A039840,디오
A078070,유비쿼스홀딩스
A039200,오스코텍
A105630,한세실업
A091700,파트론
A001060,JW중외제약
A001630,종근당홀딩스
A048260,오스템임플란트
A082640,동양생명
A033640,네패스
A000640,동아쏘시오홀딩스
A036420,제이콘텐트리
A009970,영원무역홀딩스
A058820,CMG제약
A039130,하나투어
A003470,유안타증권
A060250,NHN한국사이버결제
A237690,에스티팜
A145720,덴티움
A083790,크리스탈
A003540,대신증권
A151910,나노스
A086520,에코프로
A033180,필룩스
A009450,경동나비엔
A069080,웹젠
A005180,빙그레
A000400,롯데손해보험
A035600,KG이니시스
A268600,셀리버리
A078160,메디포스트
A042700,한미반도체
A112040,위메이드
A210980,SK디앤디
A019170,신풍제약
A178320,서진시스템
A001440,대한전선
A005690,파미셀
A005880,대한해운
A003800,에이스침대
A215200,메가스터디교육
A001230,동국제강
A034830,한국토지신탁
A042000,카페24
A006390,한일현대시멘트
A027410,BGF
A230360,에코마케팅
A267270,현대건설기계
A243070,휴온스
A095610,테스
A001120,LG상사
A008350,남선알미늄
A950160,코오롱티슈진
A000070,삼양홀딩스
A183490,엔지켐생명과학
A031390,녹십자셀
A092040,아미코젠
A271980,제일약품
A060720,KH바텍
A043150,바텍
A071320,지역난방공사
A033290,코웰패션
A141080,레고켐바이오
A272290,이녹스첨단소재
A019680,대교
A004490,세방전지
A038540,상상인
A138080,오이솔루션
A006120,SK디스커버리
A034120,SBS
A001430,세아베스틸
A084680,이월드
A131970,테스나
A068240,다원시스
A048410,현대바이오
A029960,코엔텍
A023890,한국아트라스비엑스
A007460,에이프로젠 KIC
A298050,효성첨단소재
A011160,두산건설
A044340,위닉스
A272450,진에어
A007570,일양약품
A265520,AP시스템
A200230,텔콘RF제약
A145990,삼양사
A108670,LG하우시스
A336260,두산퓨얼셀
A126560,현대에이치씨엔
A003530,한화투자증권
A006730,서부T&D
A084370,유진테크
A093050,LF
A008490,서흥
A060980,한라홀딩스
A281820,케이씨텍
A002320,한진
A237880,클리오
A017810,풀무원
A074600,원익QnC
A053210,스카이라이프
A025540,한국단자
A030530,원익홀딩스
A003060,에이프로젠제약
A010050,우리종금
A228760,지노믹트리
A024720,한국콜마홀딩스
A002270,롯데푸드
A263050,유틸렉스
A068400,SK렌터카
A025860,남해화학
A267260,현대일렉트릭
A037560,LG헬로비전
A006840,AK홀딩스
A108230,톱텍
A192650,드림텍
A122990,와이솔
A081000,일진다이아
A298000,효성화학
A102710,이엔에프테크놀로지
A018290,브이티지엠피
A268280,미원에스씨
A226320,잇츠한불
A002210,동성제약
A293480,하나제약
A214450,파마리서치프로덕트
A007390,네이처셀
A048530,인트론바이오
A148150,세경하이테크
A002960,한국쉘석유
A014830,유니드
A015350,부산가스
A002240,고려제강
A095660,네오위즈
A096760,JW홀딩스
A061970,엘비세미콘
A100120,뷰웍스
A084110,휴온스글로벌
A249420,일동제약
A215000,골프존
A097230,한진중공업
A290510,코리아센터
A025900,동화기업
A123890,한국자산신탁
A072710,농심홀딩스
A038500,삼표시멘트
A101490,에스앤에스텍
A319660,피에스케이
A213500,한솔제지
A013120,동원개발
A235980,메드팩토
A052260,SK바이오랜드
A086390,유니테스트
A045390,대아티아이
A017390,서울가스
A017960,한국카본
A005500,삼진제약
A092730,네오팜
A144510,녹십자랩셀
A308170,센트랄모텍
A119860,다나와
A166090,하나머티리얼즈
A002990,금호산업
A082920,비츠로셀
A036930,주성엔지니어링
A012610,경인양행
A009290,광동제약
A317330,덕산테코피아
A051370,인터플렉스
A104830,원익머트리얼즈
A122900,아이마켓코리아
A143240,사람인에이치알
A002390,한독
A089600,나스미디어
A089030,테크윙
A002780,진흥기업
A230240,에치에프알
A023410,유진기업
A016800,퍼시스
A099190,아이센스
A290650,엘앤씨바이오
A088800,에이스테크
A004430,송원산업
A047310,파워로직스
A029530,신도리코
A228670,레이
A000140,하이트진로홀딩스
A060570,드림어스컴퍼니
A004690,삼천리
A095720,웅진씽크빅
A065660,안트로젠
A195870,해성디에스
A321550,티움바이오
A005070,코스모신소재
A236200,슈프리마
A008730,율촌화학
A300720,한일시멘트
A000480,조선내화
A288330,브릿지바이오테라퓨틱스
A222800,심텍
A032190,다우데이타
A003220,대원제약
A192440,슈피겐코리아
A006490,인스코비
A119610,인터로조
A030610,교보증권
A005720,넥센
A002310,아세아제지
A051500,CJ프레시웨이
A017940,E1
A026890,디피씨
A234080,JW생명과학
A182400,엔케이맥스
A040350,큐로컴
A080160,모두투어
A078520,에이블씨엔씨
A344820,케이씨씨글라스
A053580,웹케시
A009680,모토닉
A002840,미원상사
A152330,코리아오토글라스
A003920,남양유업
A015750,성우하이텍
A140860,파크시스템스
A060150,인선이엔티
A041830,인바디
A039440,에스티아이
A011280,태림포장
A078600,대주전자재료
A101060,SBS미디어홀딩스
A025770,한국정보통신
A293780,압타바이오
A078020,이베스트투자증권
A138250,엔에스쇼핑
A050890,쏠리드
A033270,유나이티드제약
A007340,디티알오토모티브
A111710,남화산업
A206640,바디텍메드
A243840,신흥에스이씨
A123860,아나패스
A234340,세틀뱅크
A016580,환인제약
A002810,삼영무역
A033500,동성화인텍
A002150,도화엔지니어링
A035810,이지바이오
A058650,세아홀딩스
A001510,SK증권
A063570,한국전자금융
A003620,쌍용차
A001880,삼호
A004380,삼익THK
A036800,나이스정보통신
A052020,에스티큐브
A244460,올리패스
A007810,코리아써키트
A179900,유티아이
A000370,한화손해보험
A052710,아모텍
A023160,태광
A001500,현대차증권
A004710,한솔테크닉스
A298690,에어부산
A220630,해마로푸드서비스
A080420,모다이노칩
A143160,아이디스
A263720,디앤씨미디어
A032620,유비케어
A074610,나노메딕스
A200710,에이디테크놀로지
A040910,아이씨디
A014620,성광벤드
A034950,한국기업평가
A097780,에스맥
A115960,연우
A214870,뉴지랩
A030520,한글과컴퓨터
A001520,동양
A070960,용평리조트
A037710,광주신세계
A016590,신대양제지
A183190,아세아시멘트
A031440,신세계푸드
A054780,키이스트
A039560,다산네트웍스
A066700,테라젠이텍스
A161000,애경유화
A232140,와이아이케이
A005420,코스모화학
A000050,경방
A053030,바이넥스
A239610,에이치엘사이언스
A031330,에스에이엠티
A282880,코윈테크
A025000,KPX케미칼
A002620,제일파마홀딩스
A004700,조광피혁
A016450,한세예스24홀딩스
A036530,S&T홀딩스
A089980,상아프론테크
A322000,현대에너지솔루션
A038290,마크로젠
A011690,유양디앤유
A001360,삼성제약
A049950,미래컴퍼니
A005810,풍산홀딩스
A009580,무림P&P
A229640,LS전선아시아
A052400,코나아이
A007690,국도화학
A125210,아모그린텍
A003560,IHQ
A089010,켐트로닉스
A183300,코미코
A082800,루미마이크로
A272550,삼양패키징
A086820,바이오솔루션
A121800,비덴트
A226950,올릭스
A001200,유진투자증권
A228850,레이언스
A041140,넥슨지티
A300120,라온피플
A189300,인텔리안테크
A002100,경농
A033920,무학
A174900,앱클론
A015860,일진홀딩스
A136480,하림
A102460,이연제약
A255440,야스
A208340,파멥신
A041190,우리기술투자
A095570,AJ네트웍스
A079430,현대리바트
A104480,티케이케미칼
A001130,대한제분
A298040,효성중공업
A003120,일성신약
A003300,한일홀딩스
A078150,HB테크놀러지
A067990,도이치모터스
A002030,아세아
A035890,서희건설
A003070,코오롱글로벌
A029460,케이씨
A161580,필옵틱스
A091810,티웨이항공
A215360,우리산업
A068290,삼성출판사
A238090,앤디포스
A088290,이원컴포텍
A216050,인크로스
A299660,셀리드
A092130,이크레더블
A225570,넷게임즈
A003580,넥스트사이언스
A159580,제로투세븐
A093320,케이아이엔엑스
A123690,한국화장품
A086980,쇼박스
A013030,하이록코리아
A010170,대한광통신
A057500,SKC 솔믹스
A067280,멀티캠퍼스
A012690,모나리자
A003570,S&T중공업
A900140,엘브이엠씨홀딩스
A087010,펩트론
A095270,웨이브일렉트로
A011040,경동제약
A000020,동화약품
A054620,APS홀딩스
A011760,현대상사
A079980,휴비스
A065530,전파기지국
A200670,휴메딕스
A001940,KISCO홀딩스
A045100,한양이엔지
A045970,코아시아
A089970,에이피티씨
A019210,와이지-원
A084690,대상홀딩스
A015360,예스코홀딩스
A194700,노바렉스
A023900,풍국주정
A102260,동성코퍼레이션
A092230,KPX홀딩스
A067080,대화제약
A000430,대원강업
A123040,엠에스오토텍
A251370,와이엠티
A085370,루트로닉
A018120,진로발효
A267850,아시아나IDT
A101530,해태제과식품
A251970,펌텍코리아
A050110,캠시스
A067390,아스트
A067900,와이엔텍
A136490,선진
A207760,미스터블루
A115180,큐리언트
A121600,나노신소재
A245620,EDGC
A001270,부국증권
A049070,인탑스
A102940,코오롱생명과학
A306040,에스제이그룹
A175250,아이큐어
A214390,경보제약
A104700,한국철강
A036630,세종텔레콤
A002020,코오롱
A035510,신세계 I&C
A067290,JW신약
A073490,이노와이어리스
A214420,토니모리
A027050,코리아나
A214180,민앤지
A206650,유바이오로직스
A206560,덱스터
A110790,크리스에프앤씨
A144960,뉴파워프라즈마
A059090,미코
A064260,다날
A216080,제테마
A036200,유니셈
A004360,세방
A001780,알루코
A000680,LS네트웍스
A053610,프로텍
A131390,피앤이솔루션
A025320,시노펙스
A110990,디아이티
A007110,일신석재
A023910,대한약품
A004060,SG세계물산
A067170,오텍
A052330,코텍
A036030,KTH
A028100,동아지질
A058400,KNN
A035150,백산
A033240,자화전자
A176440,에이치엔티
A270870,뉴트리
A009520,포스코엠텍
A126700,하이비젼시스템
A077360,덕산하이메탈
A005960,동부건설
A043610,지니뮤직
A077500,유니퀘스트
A123420,선데이토즈
A001530,DI동일
A067310,하나마이크론
A007820,에스엠코어
A091590,남화토건
A016250,이테크건설
A017890,한국알콜
A002170,삼양통상
A045520,크린앤사이언스
A094280,효성ITX
A000540,흥국화재
A155650,와이엠씨
A136540,윈스
A004970,신라교역
A118000,우리들휴브레인
A063080,게임빌
A290670,대보마그네틱
A072020,중앙백신
A106240,파인테크닉스
A061040,알에프텍
A054950,제이브이엠
A063160,종근당바이오
A046440,KG모빌리언스
A009160,SIMPAC
A044450,KSS해운
A021050,서원
A001390,KG케미칼
A201490,미투온
A109960,에이프로젠 H&G
A090470,제이스텍
A109740,디에스케이
A036810,에프에스티
A214260,라파스
A060280,큐렉소
A065950,웰크론
A095340,ISC
A054050,농우바이오
A043370,평화정공
A068930,디지털대성
A033160,엠케이전자
A006620,동구바이오제약
A027360,아주IB투자
A001250,GS글로벌
A096630,에스코넥
A234690,녹십자웰빙
A225530,보광산업
A180400,캔서롭
A016610,DB금융투자
A191420,테고사이언스
A065620,제낙스
A003030,세아제강지주
A137400,피엔티
A004150,한솔홀딩스
A049960,쎌바이오텍
A222080,씨아이에스
A011930,신성이엔지
A001790,대한제당
A005680,삼영전자
A064550,바이오니아
A007160,사조산업
A012700,리드코프
A036190,금화피에스시
A007660,이수페타시스
A091090,세원셀론텍
A054670,대한뉴팜
A037460,삼지전자
A023760,한국캐피탈
A004960,한신공영
A009460,한창제지
A086890,이수앱지스
A012030,DB
A013580,계룡건설
A004980,성신양회
A039570,HDC아이콘트롤스
A131290,티에스이
A317400,자이에스앤디
A003200,일신방직
A138690,엘아이에스
A090360,로보스타
A102120,어보브반도체
A138490,코오롱플라스틱
A217270,넵튠
A000700,유수홀딩스
A131370,알서포트
A002450,삼익악기
A312610,에이에프더블류
A302430,이노메트리
A074430,아미노로직스
A111870,삼본전자
A075580,세진중공업
A241690,유니테크노
A015890,태경산업
A004770,써니전자
A020760,일진디스플
A143210,핸즈코퍼레이션
A015590,큐로
A008700,아남전자
A128820,대성산업
A014470,부방
A282690,동아타이어
A044490,태웅
A039860,나노엔텍
A108790,인터파크
A256630,포인트엔지니어링
A139670,키네마스터
A042370,비츠로테크
A082210,옵트론텍
A264450,유비쿼스
A121440,골프존뉴딘홀딩스
A005740,크라운해태홀딩스
A066310,큐에스아이
A203690,프로스테믹스
A024810,이화전기
A037950,엘컴텍
A054450,텔레칩스
A302550,리메드
A257370,명성티엔에스
A306200,세아제강
A100590,머큐리
A052420,오성첨단소재
A090350,노루페인트
A077970,STX엔진
A030210,KTB투자증권
A226330,신테카바이오
A241770,메카로
A091120,이엠텍
A009270,신원
A100700,세운메디칼
A064240,홈캐스트
A007720,대명코퍼레이션
A122310,제노레이
A065130,탑엔지니어링
A073070,에스모
A000320,노루홀딩스
A258610,이더블유케이
A079370,제우스
A102280,쌍방울
A036580,팜스코
A051360,토비스
A194370,제이에스코퍼레이션
A065060,지엔코
A263600,덕우전자
A217730,강스템바이오텍
A053950,경남제약
A122640,예스티
A049180,셀루메드
A095190,이엠코리아
A248170,샘표식품
A072520,제넨바이오
A278650,노터스
A100790,미래에셋벤처투자
A045060,오공
A001540,안국약품
A071200,인피니트헬스케어
A166480,코아스템
A082740,HSD엔진
A011810,STX
A014160,대영포장
A099320,쎄트렉아이
A100130,동국S&C
A058610,에스피지
A003350,한국화장품제조
A214430,아이쓰리시스템
A299900,위지윅스튜디오
A190510,나무가
A005950,이수화학
A011390,부산산업
A005990,매일홀딩스
A084010,대한제강
A100250,진양홀딩스
A002900,동양물산
A013570,디와이
A083310,엘오티베큠
A008040,사조동아원
A171120,라이온켐텍
A048550,SM C&C
A060240,룽투코리아
A117580,대성에너지
A036890,진성티이씨
A001460,BYC
A023600,삼보판지
A144620,코오롱머티리얼
A096240,청담러닝
A035620,바른손이앤에이
A089890,코세스
A251630,브이원텍
A024090,디씨엠
A007680,대원
A203650,드림시큐리티
A027390,한화갤러리아타임월드
A083450,GST
A094480,갤럭시아컴즈
A005090,삼광글라스
A200880,서연이화
A004250,NPC
A013520,화승알앤에이
A131030,디에이치피코리아
A089470,HDC현대EP
A005160,동국산업
A260930,씨티케이코스메틱스
A014970,삼륭물산
A000890,보해양조
A222040,코스맥스엔비티
A104460,동양피엔에프
A101160,월덱스
A033340,좋은사람들
A003960,사조대림
A013990,아가방컴퍼니
A002700,신일산업
A000520,삼일제약
A094170,동운아나텍
A039830,오로라
A100840,S&TC
A072870,메가스터디
A000490,대동공업
A002460,화성산업
A083640,인콘
A006380,카프로
A021320,KCC건설
A038340,UCI
A073110,엘엠에스
A053590,한국테크놀로지
A073560,우리손에프앤지
A003460,유화증권
A079960,동양이엔피
A108490,로보티즈
A046940,우원개발
A041910,에스텍파마
A061250,화일약품
A158430,아톤
A016710,대성홀딩스
A122450,KMH
A260660,알리코제약
A052790,액토즈소프트
A038390,레드캡투어
A004560,현대비앤지스틸
A000390,삼화페인트
A008290,원풍물산
A004200,고려개발
A091580,상신이디피
A108380,대양전기공업
A195990,에이비프로바이오
A290740,액트로
A130580,나이스디앤비
A052670,제일바이오
A004890,동일산업
A090850,이지웰페어
A003650,미창석유
A004540,깨끗한나라
A005430,한국공항
A027740,마니커
A065510,휴비츠
A200780,비씨월드제약
A014990,인디에프
A036560,영풍정밀
A073570,WI
A004650,창해에탄올
A067000,조이시티
A241710,코스메카코리아
A179290,엠아이텍
A204620,글로벌텍스프리
A160550,NEW
A065650,메디프론
A079940,가비아
A046140,SBS콘텐츠허브
A017180,명문제약
A014530,극동유화
A160980,싸이맥스
A238490,힘스
A012800,대창
A004270,남성
A002760,보락
A000860,강남제비스코
A007210,벽산
A007980,태평양물산
A025620,제이준코스메틱
A099220,SDN
A001340,백광산업
A217480,에스디생명공학
A054800,아이디스홀딩스
A037070,파세코
A288620,에스퓨얼셀
A035080,인터파크홀딩스
A103590,일진전기
A001290,상상인증권
A002360,SH에너지화학
A011330,유니켐
A009470,삼화전기
A065710,서호전기
A011320,유니크
A006220,제주은행
A042420,네오위즈홀딩스
A142760,바이오리더스
A138360,에이씨티
A066620,국보디자인
A034590,인천도시가스
A038060,루멘스
A038880,아이에이
A093920,서원인텍
A092220,KEC
A017900,광전자
A187420,제노포커스
A008970,동양철관
A263770,유에스티
A078000,텔코웨어
A185490,아이진
A069510,에스텍
A200470,하이셈
A149950,아바텍
A044820,코스맥스비티아이
A068790,DMS
A137950,제이씨케미칼
A259630,엠플러스
A153710,옵티팜
A010690,화신
A089140,넥스턴
A014100,메디앙스
A060590,씨티씨바이오
A067830,세이브존I&C
A239340,줌인터넷
A060900,케이알피앤이
A048870,시너지이노베이션
A009320,대우부품
A069110,코스온
A225190,삼양옵틱스
A027710,팜스토리
A138580,비즈니스온
A034940,조아제약
A054210,이랜텍
A322510,제이엘케이인스펙션
A043220,에이치엘비파워
A226340,본느
A241790,오션브릿지
A040420,정상제이엘에스
A033830,티비씨
A093230,이아이디
A117670,알파홀딩스
A014580,백광소재
A290720,푸드나무
A009200,무림페이퍼
A011370,서한
A043200,파루
A060560,홈센타홀딩스
A002720,국제약품
A012200,계양전기
A080220,제주반도체
A311690,천랩
A173940,에프엔씨엔터
A007330,푸른저축은행
A151860,KG ETS
A001570,금양
A115160,휴맥스
A090740,연이정보통신
A053300,한국정보인증
A210540,디와이파워
A187870,디바이스이엔지
A018310,삼목에스폼
A035610,솔본
A083550,케이엠
A023000,삼원강재
A001750,한양증권
A060230,이그잭스
A267290,경동도시가스
A038680,에스넷
A047820,초록뱀
A214330,금호에이치티
A111110,호전실업
A003830,대한화섬
A007540,샘표
A053280,예스24
A078890,가온미디어
A004870,티웨이홀딩스
A071460,위니아딤채
A124500,아이티센
A141000,비아트론
A114450,KPX생명과학
A009440,KC그린홀딩스
A900250,크리스탈신소재
A014790,한라
A100090,삼강엠앤티
A000230,일동홀딩스
A045890,GV
A017550,수산중공업
A010960,삼호개발
A005710,대원산업
A019550,SBI인베스트먼트
A053350,이니텍
A022220,정산애강
A000180,성창기업지주
A025560,미래산업
A142280,녹십자엠에스
A015710,코콤
A303030,지니틱스
A214270,퓨쳐스트림네트웍스
A307930,컴퍼니케이
A036670,KCI
A053980,오상자이엘
A137940,넥스트아이
A130660,한전산업
A101140,비티원
A072470,우리산업홀딩스
A003160,디아이
A109610,에스와이
A289010,아이스크림에듀
A011000,진원생명과학
A007860,서연
A063170,서울옥션
A092070,디엔에프
A013870,지엠비코리아
A001070,대한방직
A065150,MP그룹
A138610,나이벡
A005110,한창
A211270,AP위성
A033530,세종공업
A066980,브레인콘텐츠
A002070,남영비비안
A009300,삼아제약
A093190,빅솔론
A056080,유진로봇
A003100,선광
A019440,세아특수강
A290550,디케이티
A120240,대정화금
A049480,오픈베이스
A016600,큐캐피탈
A004840,DRB동일
A264900,크라운제과
A031820,콤텍시스템
A010600,웰바이오텍
A039340,한국경제TV
A069920,아이에스이커머스
A002800,신신제약
A193250,와이제이엠게임즈
A049520,유아이엘
A001260,남광토건
A034300,신세계건설
A035000,지투알
A014200,광림
A299910,베스파
A064800,필링크
A205100,엑셈
A238200,비피도
A120030,조선선재
A267790,배럴
A250930,예선테크
A055490,테이팩스
A024060,흥구석유
A020710,시공테크
A010820,퍼스텍
A032560,황금에스티
A086960,한컴MDS
A131760,파인텍
A134380,미원화학
A016880,웅진
A047400,유니온머티리얼
A036120,SCI평가정보
A047770,코데즈컴바인
A012860,모베이스전자
A065680,우주일렉트로
A182360,큐브엔터
A016090,대현
A011150,CJ씨푸드
A060370,KT서브마린
A101330,모베이스
A094940,푸른기술
A066130,하츠
A290380,대유
A263700,케어랩스
A006580,대양제지
A086040,바이오톡스텍
A036260,이매진아시아
A227840,현대코퍼레이션홀딩스
A026940,부국철강
A221840,하이즈항공
A140070,서플러스글로벌
A017040,광명전기
A198440,고려시멘트
A056360,코위버
A900310,컬러레이
A033110,코너스톤네트웍스
A256840,한국비엔씨
A053690,한미글로벌
A006980,우성사료
A220100,퓨쳐켐
A195500,마니커에프앤지
A033320,제이씨현시스템
A107590,미원홀딩스
A034810,해성산업
A065170,넥스트BT
A114810,아이원스
A241840,에이스토리
A058730,다스코
A101240,씨큐브
A008600,윌비스
A032850,비트컴퓨터
A025440,대성엘텍
A004450,삼화왕관
A126880,제이엔케이히터
A002880,대유에이텍
A080000,에스엔유
A071280,로체시스템즈
A241820,피씨엘
A950140,잉글우드랩
A014570,고려제약
A033100,제룡전기
A091340,S&K폴리텍
A012160,영흥철강
A225330,씨엠에스에듀
A242040,나무기술
A100220,비상교육
A068330,일신바이오
A032820,우리기술
A131400,액트
A016100,리더스코스메틱
A170920,엘티씨
A078590,두올산업
A016740,두올
A033170,시그네틱스
A005870,휴니드
A115440,우리넷
A000650,천일고속
A021080,에이티넘인베스트
A013310,아진산업
A062970,피피아이
A051780,큐로홀딩스
A052860,아이앤씨
A041460,한국전자인증
A058850,KTcs
A007590,동방아그로
A083930,아바코
A012320,경동인베스트
A217600,켐온
A006910,보성파워텍
A004080,신흥
A900100,뉴프라이드
A308100,까스텔바작
A119650,KC코트렐
A005190,동성화학
A056700,신화인터텍
A037330,인지디스플레
A033130,디지틀조선
A900340,윙입푸드
A089230,THE E&M
A214680,디알텍
A018000,유니슨
A078940,코드네이처
A134790,시디즈
A026150,특수건설
A044960,이글벳
A083500,에프엔에스테크
A042040,케이피엠테크
A123570,이엠넷
A226360,이엑스티
A085310,엔케이
A065560,녹원씨엔아이
A073640,삼원테크
A023450,동남합성
A196450,디오스텍
A017370,우신시스템
A065450,빅텍
A079190,EMW
A194480,데브시스터즈
A069460,대호에이엘
A290120,대유에이피
A145210,세화아이엠씨
A010040,한국내화
A001470,삼부토건
A001840,이화공영
A040300,YTN
A174880,장원테크
A058430,포스코강판
A051160,지어소프트
A088910,동우팜투테이블
A014280,금강공업
A044380,주연테크
A004440,대림씨엔에스
A025750,한솔홈데코
A285490,노바텍
A075180,새론오토모티브
A005800,신영와코루
A133750,메가엠디
A053700,삼보모터스
A318010,팜스빌
A067570,엔브이에이치코리아
A253840,수젠텍
A065350,신성델타테크
A042510,라온시큐어
A000850,화천기공
A002140,고려산업
A046070,코다코
A084650,랩지노믹스
A126870,뉴로스
A263690,디알젬
A019010,베뉴지
A002300,한국제지
A009190,대양금속
A171010,램테크놀러지
A094850,참좋은여행
A000500,가온전선
A003080,성보화학
A066590,우수AMS
A012790,신일제약
A014710,사조씨푸드
A038460,바이오스마트
A033310,디케이디앤아이
A056000,신스타임즈
A108860,셀바스AI
A133820,화인베스틸
A109860,동일금속
A037270,YG PLUS
A053450,세코닉스
A300080,플리토
A006050,국영지앤엠
A104200,NHN벅스
A048910,대원미디어
A078140,대봉엘에스
A092460,한라IMS
A083660,CSA 코스믹
A054920,한컴위드
A066430,와이오엠
A220260,켐트로스
A083420,그린케미칼
A088130,동아엘텍
A170030,현대공업
A072990,에이치시티
A063440,SM Life Design
A015230,대창단조
A102210,해덕파워웨이
A009730,코센
A095500,미래나노텍
A163560,동일고무벨트
A046120,오르비텍
A008800,행남사
A090710,휴림로봇
A002200,수출포장
A002410,범양건영
A019660,글로본
A009310,참엔지니어링
A002600,조흥
A027830,대성창투
A123410,코리아에프티
A105740,디케이락
A009070,KCTC
A149980,하이로닉
A126600,코프라
A900300,오가닉티코스메틱
A317120,라닉스
A112240,에스에프씨
A094360,칩스앤미디어
A096040,이트론
A041930,동아화성
A246710,티앤알바이오팹
A036000,예림당
A016790,현대사료
A950130,엑세스바이오
A078860,아이오케이
A206400,엔터메이트
A050760,에스폴리텍
A106190,하이텍팜
A105840,우진
A049080,기가레인
A140670,알에스오토메이션
A148250,알엔투테크놀로지
A041590,젬백스지오
A036170,라이브파이낸셜
A033560,블루콤
A006740,영풍제지
A004720,우리들제약
A208640,썸에이지
A001550,조비
A009780,엠에스씨
A043090,큐브앤컴퍼니
A322180,티라유텍
A222420,쎄노텍
A064290,인텍플러스
A002230,피에스텍
A900270,헝셩그룹
A051380,피씨디렉트
A069540,라이트론
A089790,제이티
A038070,서린바이오
A011560,세보엠이씨
A000300,대유플러스
A041440,에버다임
A080720,한국유니온제약
A084670,동양고속
A044480,바이오제네틱스
A071970,STX중공업
A178780,유테크
A023800,인지컨트롤스
A033540,파라텍
A024950,삼천리자전거
A192250,케이사인
A000440,중앙에너비스
A057540,옴니시스템
A009770,삼정펄프
A264660,씨앤지하이테크
A024880,케이피에프
A049630,재영솔루텍
A250000,보라티알
A064820,케이프
A058630,엠게임
A084730,팅크웨어
A092870,엑시콘
A263800,데이타솔루션
A017650,대림제지
A101000,상상인인더스트리
A011090,에넥스
A156100,엘앤케이바이오
A027040,서울전자통신
A187220,디티앤씨
A078650,코렌
A000220,유유제약
A048430,유라테크
A045660,에이텍
A097800,윈팩
A001380,SG충방
A041650,상신브레이크
A155660,DSR
A219420,링크제니시스
A023460,CNH
A092200,디아이씨
A230980,솔트웍스
A058860,KTis
A215100,로보로보
A043290,케이맥
A032750,삼진
A008250,이건산업
A094820,일진파워
A006340,대원전선
A134780,화진
A122350,삼기오토모티브
A019180,티에이치엔
A217500,러셀
A047920,씨트리
A049430,코메론
A023770,플레이위드
A222110,팬젠
A036010,아비코전자
A025550,한국선재
A047080,한빛소프트
A036180,영인프런티어
A071670,에이테크솔루션
A040160,누리텔레콤
A012280,영화금속
A043340,에쎈테크
A036090,위지트
A263920,블러썸엠앤씨
A047560,이스트소프트
A031310,아이즈비전
A021040,대호피앤씨
A065940,바이오빌
A042940,상지카일룸
A009810,엔케이물산
A297090,씨에스베어링
A006140,피제이전자
A119850,지엔씨에너지
A066900,디에이피
A227610,아우딘퓨쳐스
A005860,한일사료
A090080,평화산업
A090410,덕신하우징
A059210,메타바이오메드
A051490,나라엠앤디
A150840,인트로메딕
A006090,사조오양
A024800,유성티엔에스
A092780,동양피스톤
A119830,아이텍
A086670,비엠티
A003480,한진중공업홀딩스
A032940,원익
A041920,메디아나
A234920,자이글
A087260,모바일어플라이언스
A143540,영우디에스피
A005010,휴스틸
A255220,SG
A086250,화신테크
A019590,엠벤처투자
A032680,소프트센
A234300,에스트래픽
A032790,엠젠플러스
A049720,고려신용정보
A069410,엔텔스
A118990,모트렉스
A225430,케이엠제약
A094840,슈프리마에이치큐
A014190,원익큐브
A124560,태웅로직스
A004090,한국석유
A204630,화이브라더스코리아
A024120,KB오토시스
A018620,우진비앤지
A027970,세하
A010400,우진아이엔에스
A053620,태양
A037760,쎄니트
A020120,키다리스튜디오
A256940,케이피에스
A222980,한국맥널티
A256150,한독크린텍
A004910,조광페인트
A010660,화천기계
A001560,제일연마
A056730,포스링크
A010280,쌍용정보통신
A050120,라이브플렉스
A006370,대구백화점
A037370,EG
A052220,iMBC
A010100,한국프랜지
A091970,나노캠텍
A089530,에이티세미콘
A013700,까뮤이앤씨
A013360,일성건설
A011500,한농화성
A066670,디스플레이텍
A043650,국순당
A311390,네오크레마
A100660,서암기계공업
A105550,트루윈
A017510,세명전기
A104620,노랑풍선
A044060,조광ILI
A054090,삼진엘앤디
A032980,바이온
A051630,진양화학
A115310,인포바인
A005750,대림B&Co
A170790,파이오링크
A069730,DSR제강
A014440,영보화학
A066360,체리부로
A002920,유성기업
A106520,디지탈옵틱
A073010,케이에스피
A053260,금강철강
A079650,서산
A023440,제일제강
A129260,인터지스
A900040,차이나그레이트
A057680,옴니텔
A234100,세원
A050540,한국코퍼레이션
A079970,투비소프트
A072130,유엔젤
A217820,엔에스
A250060,모비스
A039010,현대통신
A049830,승일
A042500,링네트
A196490,디에이테크놀로지
A057880,필로시스헬스케어
A004780,대륙제관
A217620,디딤
A000590,CS홀딩스
A046390,삼화네트웍스
A252500,세화피앤씨
A218150,미래생명자원
A224060,코디엠
A042110,에스씨디
A080010,이상네트웍스
A100030,모바일리더
A004830,덕성
A005670,푸드웰
A228340,동양파일
A040610,SG&G
A046210,파나진
A068050,팬엔터테인먼트
A004590,한국가구
A215380,우정바이오
A064520,바른전자
A168330,내츄럴엔도텍
A060480,국일신동
A036710,심텍홀딩스
A148140,비디아이
A090370,메타랩스
A099440,스맥
A007370,진양제약
A083650,비에이치아이
A080470,성창오토텍
A142210,유니트론텍
A171090,선익시스템
A093520,매커스
A094860,코닉글로리
A005360,모나미
A052460,아이크래프트
A076610,해성옵틱스
A053110,소리바다
A036480,대성미생물
A039610,화성밸브
A060540,에스에이티
A016670,포비스티앤씨
A037350,성도이엔지
A002710,TCC스틸
A006570,대림통상
A114190,강원
A017480,삼현철강
A189980,흥국에프엔비
A290660,네오펙트
A006660,삼성공조
A006890,태경화학
A104540,코렌텍
A327260,메탈라이프
A008260,NI스틸
A026040,제이에스티나
A036690,코맥스
A014130,한익스프레스
A153490,우리이앤엘
A052190,이에스에이
A018680,서울제약
A253590,네오셈
A041520,이라이콤
A246720,아스타
A217330,싸이토젠
A246960,이노테라피
A317870,엔바이오니아
A000910,유니온
A039020,이건홀딩스
A277070,린드먼아시아
A114120,크루셜텍
A024890,대원화성
A037440,희림
A079950,인베니아
A226440,한송네오텍
A052900,KMH하이텍
A057030,YBM넷
A045510,정원엔시스
A081150,티플랙스
A046970,우리로
A033430,디에스티
A305090,마이크로디지탈
A080520,오디텍
A131090,시큐브
A128660,피제이메탈
A317770,슈프리마아이디
A054930,유신
A010470,오리콤
A246690,TS인베스트먼트
A049120,파인디앤씨
A094190,이엘케이
A025820,이구산업
A241520,DSC인베스트먼트
A059120,아진엑스텍
A900260,로스웰
A147760,마이크로프랜드
A003010,혜인
A096350,대창솔루션
A272110,케이엔제이
A003780,진양산업
A037230,한국팩키지
A039980,리노스
A010770,평화홀딩스
A286750,나노브릭
A088390,이녹스
A073540,에프알텍
A258830,세종메디칼
A264850,이랜시스
A038870,에코바이오
A066410,버킷스튜디오
A039420,케이엘넷
A012340,뉴인텍
A117730,티로보틱스
A049550,잉크테크
A043910,자연과환경
A313760,윌링스
A094970,제이엠티
A215480,토박스코리아
A052300,W홀딩컴퍼니
A080530,코디
A030790,동양네트웍스
A131180,딜리
A219550,MP한강
A006920,모헨즈
A004410,서울식품
A048770,TPC
A031510,오스템
A187790,나노
A196300,애니젠
A024840,KBI메탈
A053050,지에스이
A064510,에코마이스터
A013000,세우글로벌
A013810,스페코
A065570,삼영이엔씨
A037030,파워넷
A238120,로고스바이오
A039290,인포뱅크
A147830,제룡산업
A293580,나우IB
A900080,에스앤씨엔진그룹
A004140,동방
A041020,인프라웨어
A123700,SJM
A213090,미래테크놀로지
A123840,한일진공
A208710,바이오로그디바이스
A036620,버추얼텍
A070300,한솔시큐어
A082850,우리바이오
A317830,에스피시스템스
A177830,파버나인
A092300,현우산업
A024830,세원물산
A001000,신라섬유
A078350,한양디지텍
A318000,한국바이오젠
A002820,선창산업
A030720,동원수산
A204020,그리티
A007610,선도전기
A263810,상신전자
A086060,진바이오텍
A011420,갤럭시아에스엠
A048470,대동스틸
A032800,판타지오
A025950,동신건설
A221610,한솔씨앤피
A018470,조일알미늄
A011700,한신기계
A221980,케이디켐
A046110,한일네트웍스
A002870,신풍제지
A001810,무림SP
A054300,팬스타엔터프라이즈
A039310,세중
A054540,삼영엠텍
A131220,대한과학
A186230,그린플러스
A010240,흥국
A189860,서전기전
A900280,골든센츄리
A069640,한세엠케이
A317850,대모
A214310,세미콘라이트
A092600,앤씨앤
A065770,CS
A103840,우양
A054940,엑사이엔씨
A115530,씨엔플러스
A265560,영화테크
A263540,샘코
A095910,에스에너지
A208370,셀바스헬스케어
A031980,피에스케이홀딩스
A101930,인화정공
A208140,정다운
A101400,엔시트론
A096690,제이스테판
A063760,이엘피
A064090,에프앤리퍼블릭
A033230,인성정보
A068940,아이씨케이
A001140,카리스국보
A141070,맥스로텍
A053290,NE능률
A024740,한일단조
A138070,신진에스엠
A106080,하이소닉
A058220,아리온
A006110,삼아알미늄
A115500,케이씨에스
A263860,지니언스
A008420,문배철강
A317530,캐리소프트
A007280,한국특수형강
A003310,대주산업
A062860,티엘아이
A204840,지엘팜텍
A067920,이글루시큐리티
A004100,태양금속
A087730,에스모 머티리얼즈
A027580,상보
A127710,아시아경제
A056090,유앤아이
A053270,구영테크
A007630,폴루스바이오팜
A208860,엔지스테크널러지
A079810,디이엔티
A114630,우노앤컴퍼니
A054630,에이디칩스
A008370,원풍
A126640,화신정공
A109820,진매트릭스
A032540,TJ미디어
A038530,골드퍼시픽
A000040,KR모터스
A220180,핸디소프트
A001020,페이퍼코리아
A084870,TBH글로벌
A031860,엔에스엔
A128540,에코캡
A065500,오리엔트정공
A050090,휘닉스소재
A082660,나인컴플렉스
A023150,MH에탄올
A003280,흥아해운
A054040,한국컴퓨터
A025530,SJM홀딩스
A208350,지란지교시큐리티
A075970,동국알앤에스
A038620,위즈코프
A297570,알로이스
A111820,지와이커머스
A115480,씨유메디칼
A254120,자비스
A001620,케이비아이동국실업
A224110,에이텍티앤
A021650,한국큐빅
A269620,시스웍
A109080,옵티시스
A030350,드래곤플라이
A277410,인산가
A140520,대창스틸
A009180,한솔로지스틱스
A258790,소프트캠프
A290270,휴네시온
A008470,부스타
A089850,유비벨록스
A205500,액션스퀘어
A081580,성우전자
A060260,뉴보텍
A159910,스킨앤스킨
A085670,뉴프렉스
A024900,덕양산업
A101390,아이엠
A066910,손오공
A096610,알에프세미
A071850,캐스텍코리아
A101170,우림기계
A002680,한탑
A070590,한솔인티큐브
A050320,에이앤티앤
A015540,메디파트너생명공학
A002220,한일철강
A046310,백금T&A
A006880,신송홀딩스
A219130,타이거일렉
A093640,다믈멀티미디어
A219750,지티지웰니스
A029480,바른테크놀로지
A050960,수산아이앤티
A036640,HRS
A141020,포티스
A023350,한국종합기술
A051390,YW
A003720,삼영화학
A088790,진도
A010640,진양폴리
A039240,경남스틸
A038160,팍스넷
A032080,아즈텍WB
A010420,한솔PNS
A127160,매직마이크로
A042600,새로닉스
A072770,율호
A115570,스타플렉스
A184230,SGA솔루션즈
A099410,동방선기
A085910,네오티스
A024070,WISCOM
A025880,케이씨피드
A005820,원림
A043710,서울리거
A065420,에스아이리소스
A033050,제이엠아이
A054180,중앙오션
A007770,한일화학
A038110,에코플라스틱
A203450,유니온커뮤니티
A007120,미래아이앤지
A002290,삼일기업공사
A104040,대성파인텍
A032580,피델릭스
A014910,성문전자
A153460,네이블
A053660,현진소재
A182690,테라셈
A000760,이화산업
A017000,신원종합개발
A307180,아이엘사이언스
A032960,동일기연
A205470,휴마시스
A177350,베셀
A085810,알티캐스트
A136510,쎄미시스코
A071950,코아스
A122690,서진오토모티브
A038950,파인디지털
A150900,파수닷컴
A028080,휴맥스홀딩스
A075130,플랜티넷
A204990,코썬바이오
A089150,케이씨티
A275630,에스에스알
A181340,이즈미디어
A019540,일지테크
A012620,원일특강
A109070,컨버즈
A066790,씨씨에스
A044180,KD
A025870,신라에스지
A014940,오리엔탈정공
A139050,데일리블록체인
A045300,성우테크론
A263020,디케이앤디
A123010,아이에이네트웍스
A900070,글로벌에스엠
A065440,이루온
A079000,와토스코리아
A130500,GH신소재
A127120,디엔에이링크
A192390,윈하이텍
A098120,마이크로컨텍솔
A065690,파커스
A052600,한네트
A001210,금호전기
A016920,카스
A215790,이노인스트루먼트
A024910,경창산업
A212560,네오오토
A023810,인팩
A071090,하이스틸
A009620,삼보산업
A096640,멜파스
A064480,브리지텍
A226350,아이엠텍
A002690,동일제강
A154040,솔루에타
A237750,피앤씨테크
A076080,웰크론한텍
A049470,SGA
A091440,텔레필드
A038010,제일테크노스
A011300,성안
A058530,슈펙스비앤피
A175140,인포마크
A059100,아이컴포넌트
A225590,패션플랫폼
A005450,신한
A043590,크로바하이텍
A019770,서연탑메탈
A072950,빛샘전자
A058420,제이웨이
A011230,삼화전자
A119500,포메탈
A048830,엔피케이
A053160,프리엠스
A060300,레드로버
A023960,에쓰씨엔지니어링
A006200,한국전자홀딩스
A049800,우진플라임
A037400,우리조명
A032280,삼일
A123330,제닉
A052770,와이디온라인
A019990,에너토크
A015020,이스타코
A001420,태원물산
A035200,프럼파스트
A279600,미디어젠
A005320,국동
A087600,픽셀플러스
A003680,한성기업
A090150,광진윈텍
A098660,에스티오
A035460,기산텔레콤
A067730,로지시스
A197140,디지캡
A110020,전진바이오팜
A035290,더블유에프엠
A134060,이퓨쳐
A069140,누리플랜
A079170,한창산업
A173130,오파스넷
A039230,에이아이비트
A226400,오스테오닉
A009140,경인전자
A012170,키위미디어그룹
A073190,듀오백
A060380,동양에스텍
A134580,디엠티
A043260,성호전자
A067770,세진티에스
A080580,오킨스전자
A101670,코리아에스이
A217190,제너셈
A012600,청호컴넷
A103130,웅진에너지
A066110,한프
A008830,대동기어
A101730,조이맥스
A187270,신화콘텍
A023790,동일철강
A054340,피앤텔
A196700,웹스
A161570,THE MIDONG
A222810,한류AI센터
A045340,토탈소프트
A044780,에이치케이
A015260,에이엔피
A001770,신화실업
A020400,대동금속
A058110,멕아이씨에스
A039740,한국정보공학
A084180,수성
A010580,지코
A130740,티피씨글로벌
A900110,이스트아시아홀딩스
A215090,유니맥스글로벌
A051980,센트럴바이오
A105330,케이엔더블유
A032860,글로스퍼랩스
A002420,세기상사
A043100,솔고바이오
A000950,전방
A043360,디지아이
A054410,케이피티유
A026910,광진실업
A099520,ITX엠투엠
A115610,이미지스
A103230,에스앤더블류
A114570,지스마트글로벌
A191410,육일씨엔에쓰
A007530,영신금속
A024940,PN풍년
A158310,스타모빌리티
A058450,일야
A011080,형지I&C
A013720,청보산업
A101680,한국정밀기계
A004920,씨아이테크
A121850,코이즈
A008500,일정실업
A096870,엘디티
A025890,한국주강
A227100,디자인
A197210,리드
A005030,부산주공
A113810,디젠스
A223310,이에스브이
A319400,엔에이치스팩14호
A053060,세동
A123260,파인넥스
A019490,하이트론
A195440,퓨전
A323940,케이비제18호스팩
A291230,삼성스팩2호
A273060,엔에이치스팩12호
A317320,한화에스비아이스팩
A121890,에스디시스템
A123750,알톤스포츠
A033790,스카이문스테크놀로지
A340360,유안타제6호스팩
A339950,엔에이치스팩15호
A194510,파티게임즈
A342550,케이비제20호스팩
A328380,미래에셋대우스팩3호
A028040,미래SCI
A069330,유아이디
A306620,DB금융스팩6호
A277480,신한제4호스팩
A336060,유안타제5호스팩
A284620,하나금융11호스팩
A317030,케이비17호스팩
A336570,대신밸런스제8호스팩
A307070,SK4호스팩
A291210,한국제7호스팩
A332290,대신밸런스제7호스팩
A281740,동부스팩5호
A307750,대신밸런스제6호스팩
A340120,하이제5호스팩
A333050,신한제6호스팩
A192410,감마누
A335890,IBKS제11호스팩
A307870,상상인이안1호스팩
A083470,KJ프리텍
A313750,유안타제4호스팩
A340440,한화플러스제1호스팩
A341160,하나금융15호스팩
A307160,하나머스트제6호스팩
A309930,삼성머스트스팩3호
A281410,한국제6호스팩
A270520,하나금융10호스팩
A322780,DB금융스팩7호
A033600,럭슬
A261200,하나금융9호스팩
A317240,하이제4호스팩
A299170,IBKS제10호스팩
A332710,하나금융14호스팩
A287410,유안타제3호스팩
A333430,미래에셋대우스팩4호
A323230,신한제5호스팩
A330990,케이비제19호스팩
A337450,SK5호스팩
A080440,에스제이케이
A267320,교보7호스팩
A271740,한국제5호스팩
A331380,유진스팩5호
A331520,교보9호스팩
A329560,상상인이안제2호스팩
A276920,IBKS제7호스팩
A307280,교보8호스팩
A030270,에스마크
A311270,키움제5호스팩
A279410,한화에이스스팩4호
A323280,신영스팩5호
A321260,유진스팩4호
A320000,하나금융13호스팩
A310840,엔에이치스팩13호
A310870,한국제8호스팩
A323210,이베스트이안스팩1호
A335870,IBKS제12호스팩
A310200,애니플러스
A122800,썬텍
A149940,모다
